{
  "accuracy": 0.47540983606557374,
  "precision": 0.47368421052631576,
  "recall": 0.9310344827586207,
  "f1": 0.627906976744186,
  "test_size": 61,
  "split": {
    "test_size": 0.2,
    "random_state": 42
  }
}