{
  "model": "DecisionTreeClassifier",
  "best_params": {
    "random_state": 42
  },
  "selection_metric": "notebook_style_default_tree",
  "train_size": 244,
  "test_size": 61,
  "rows_used": 305,
  "cross_validation": {
    "cv": 5,
    "metric": "f1",
    "f1_folds": [
      0.8285714285714286,
      0.7761194029850746,
      0.835820895522388,
      0.7096774193548387,
      0.71875
    ],
    "f1_mean": 0.773787829286746
  },
  "metrics": {
    "train_accuracy": 1.0,
    "train_precision": 1.0,
    "train_recall": 1.0,
    "train_f1": 1.0,
    "test_accuracy": 0.8032786885245902,
    "test_precision": 0.7575757575757576,
    "test_recall": 0.8620689655172413,
    "test_f1": 0.8064516129032258,
    "overfitting_gap_f1": 0.19354838709677424,
    "confusion_matrix": [
      [
        132,
        8
      ],
      [
        4,
        161
      ]
    ],
    "classification_report": {
      "0": {
        "precision": 0.8571428571428571,
        "recall": 0.75,
        "f1-score": 0.8,
        "support": 32.0
      },
      "1": {
        "precision": 0.7575757575757576,
        "recall": 0.8620689655172413,
        "f1-score": 0.8064516129032258,
        "support": 29.0
      },
      "accuracy": 0.8032786885245902,
      "macro avg": {
        "precision": 0.8073593073593073,
        "recall": 0.8060344827586207,
        "f1-score": 0.8032258064516129,
        "support": 61.0
      },
      "weighted avg": {
        "precision": 0.8098076786601377,
        "recall": 0.8032786885245902,
        "f1-score": 0.8030671602326811,
        "support": 61.0
      }
    }
  }
}